job_name,start_time,end_time,status,rows_processed,date
customer_load,2024-06-01 10:06:00,2024-06-01 10:58:00,Success,36046,2024-06-01
sales_aggregation,2024-06-01 12:41:00,2024-06-01 13:34:00,Success,34218,2024-06-01
inventory_sync,2024-06-01 06:42:00,2024-06-01 07:11:00,Success,47130,2024-06-01
report_refresh,2024-06-01 14:32:00,2024-06-01 15:06:00,Success,17606,2024-06-01
customer_load,2024-06-02 12:41:00,2024-06-02 12:48:00,Failed,0,2024-06-02
sales_aggregation,2024-06-02 00:09:00,2024-06-02 01:07:00,Success,34991,2024-06-02
inventory_sync,2024-06-02 19:02:00,2024-06-02 19:57:00,Success,45929,2024-06-02
report_refresh,2024-06-02 16:30:00,2024-06-02 16:44:00,Success,23132,2024-06-02
customer_load,2024-06-03 15:36:00,2024-06-03 15:43:00,Success,1737,2024-06-03
sales_aggregation,2024-06-03 20:35:00,2024-06-03 21:33:00,Success,13321,2024-06-03
inventory_sync,2024-06-03 05:02:00,2024-06-03 05:33:00,Success,39593,2024-06-03
report_refresh,2024-06-03 02:16:00,2024-06-03 03:14:00,Success,34012,2024-06-03
customer_load,2024-06-04 05:39:00,2024-06-04 06:27:00,Success,1132,2024-06-04
sales_aggregation,2024-06-04 04:13:00,2024-06-04 05:05:00,Success,43851,2024-06-04
inventory_sync,2024-06-04 07:34:00,2024-06-04 08:33:00,Success,36671,2024-06-04
report_refresh,2024-06-04 06:49:00,2024-06-04 07:36:00,Success,10965,2024-06-04
customer_load,2024-06-05 17:12:00,2024-06-05 17:17:00,Success,19090,2024-06-05
sales_aggregation,2024-06-05 06:09:00,2024-06-05 06:29:00,Success,47116,2024-06-05
inventory_sync,2024-06-05 15:22:00,2024-06-05 15:53:00,Success,37462,2024-06-05
report_refresh,2024-06-05 08:29:00,2024-06-05 09:05:00,Success,42864,2024-06-05
customer_load,2024-06-06 10:36:00,2024-06-06 10:44:00,Failed,0,2024-06-06
sales_aggregation,2024-06-06 14:58:00,2024-06-06 15:20:00,Success,19507,2024-06-06
inventory_sync,2024-06-06 22:03:00,2024-06-06 23:01:00,Success,2615,2024-06-06
report_refresh,2024-06-06 22:10:00,2024-06-06 22:38:00,Success,40637,2024-06-06
customer_load,2024-06-07 06:55:00,2024-06-07 07:14:00,Success,38787,2024-06-07
sales_aggregation,2024-06-07 03:53:00,2024-06-07 04:19:00,Success,12222,2024-06-07
inventory_sync,2024-06-07 21:10:00,2024-06-07 21:43:00,Success,44702,2024-06-07
report_refresh,2024-06-07 09:31:00,2024-06-07 10:13:00,Success,9292,2024-06-07
customer_load,2024-06-08 01:56:00,2024-06-08 02:32:00,Success,27477,2024-06-08
sales_aggregation,2024-06-08 02:54:00,2024-06-08 03:20:00,Success,43326,2024-06-08
inventory_sync,2024-06-08 03:12:00,2024-06-08 03:45:00,Success,45583,2024-06-08
report_refresh,2024-06-08 07:54:00,2024-06-08 08:08:00,Success,29108,2024-06-08
customer_load,2024-06-09 12:55:00,2024-06-09 13:01:00,Success,8056,2024-06-09
sales_aggregation,2024-06-09 11:25:00,2024-06-09 12:06:00,Success,49446,2024-06-09
inventory_sync,2024-06-09 04:24:00,2024-06-09 04:56:00,Success,46333,2024-06-09
report_refresh,2024-06-09 02:54:00,2024-06-09 03:03:00,Success,1166,2024-06-09
customer_load,2024-06-10 11:31:00,2024-06-10 11:45:00,Success,5007,2024-06-10
sales_aggregation,2024-06-10 16:36:00,2024-06-10 16:45:00,Failed,0,2024-06-10
inventory_sync,2024-06-10 22:10:00,2024-06-10 22:32:00,Success,13016,2024-06-10
report_refresh,2024-06-10 08:41:00,2024-06-10 09:28:00,Success,47357,2024-06-10
customer_load,2024-06-11 14:01:00,2024-06-11 14:33:00,Success,46783,2024-06-11
sales_aggregation,2024-06-11 13:36:00,2024-06-11 13:46:00,Success,10653,2024-06-11
inventory_sync,2024-06-11 14:28:00,2024-06-11 15:00:00,Success,1570,2024-06-11
report_refresh,2024-06-11 18:08:00,2024-06-11 18:22:00,Success,20075,2024-06-11
customer_load,2024-06-12 21:03:00,2024-06-12 21:33:00,Success,49359,2024-06-12
sales_aggregation,2024-06-12 15:07:00,2024-06-12 15:49:00,Success,3492,2024-06-12
inventory_sync,2024-06-12 00:18:00,2024-06-12 01:11:00,Success,32403,2024-06-12
report_refresh,2024-06-12 11:05:00,2024-06-12 11:17:00,Success,11882,2024-06-12
customer_load,2024-06-13 16:20:00,2024-06-13 16:52:00,Success,22178,2024-06-13
sales_aggregation,2024-06-13 10:19:00,2024-06-13 10:48:00,Success,48931,2024-06-13
inventory_sync,2024-06-13 12:08:00,2024-06-13 13:01:00,Success,22415,2024-06-13
report_refresh,2024-06-13 07:02:00,2024-06-13 07:18:00,Success,34550,2024-06-13
customer_load,2024-06-14 20:03:00,2024-06-14 20:46:00,Success,47314,2024-06-14
sales_aggregation,2024-06-14 04:12:00,2024-06-14 04:56:00,Success,11140,2024-06-14
inventory_sync,2024-06-14 16:10:00,2024-06-14 16:42:00,Success,36657,2024-06-14
report_refresh,2024-06-14 04:55:00,2024-06-14 05:24:00,Success,5320,2024-06-14
